N,global_atomic_ms,shared_reduce_ms
10000,0.0337376,0.0086208
100000,0.233786,0.0203616
1000000,2.28409,0.111606
